participante,consentimiento,tarea,exito_sin_ayuda,segundos,errores,abandono,observacion
P1,si,T1,si,35,0,no,"La completé sin ayuda. Tardé 35 segundos. Me equivoqué 0 veces. Abandoné: no. Esperaba que el registro se realizara sin inconvenientes, apareció un mensaje de confirmación de inscripción exitosa y entendí que la persona adulta fue guardada correctamente en el sistema. Lo que me dificultó la tarea fue no saber inicialmente si debía incluir guiones o puntos en el número de documento."
P1,si,T2,si,25,0,no,"La completé sin ayuda. Tardé 25 segundos. Me equivoqué 0 veces. Abandoné: no. Esperaba inscribir a Persona Joven de 16 años, apareció una alerta de validación que impidió la inscripción y entendí que el sistema restringe el registro a personas mayores de edad (18+ años). Lo que me dificultó la tarea fue entender de inmediato la razón exacta del rechazo antes de leer en detalle la alerta."
P1,si,T3,si,20,0,no,"La completé sin ayuda. Tardé 20 segundos. Me equivoqué 0 veces. Abandoné: no. Esperaba que el sistema detectara el duplicado, apareció un error indicando que el número de documento ya existía en la base de datos y entendí que no se permiten registros duplicados. Lo que me dificultó la tarea fue que el mensaje de error era algo genérico y no resaltaba el campo del documento."
P1,si,T4,si,42,1,no,"La completé sin ayuda. Tardé 42 segundos. Me equivoqué 1 vez. Abandoné: no. Esperaba navegar entre campos y enviar el formulario solo usando la tecla Tab y Enter, apareció la confirmación de registro y entendí que la aplicación soporta la navegación accesible mediante teclado. Lo que me dificultó la tarea fue que el foco visual en los botones no era del todo claro al pasar con la tecla Tab."
P2,si,T1,si,40,1,no,"La completé sin ayuda. Tardé 40 segundos. Me equivoqué 1 vez. Abandoné: no. Esperaba registrar a la persona adulta de inmediato, apareció un mensaje de formato inválido por haber escrito un espacio extra en el documento y entendí que el sistema solo acepta dígitos numéricos continuos. Lo que me dificultó la tarea fue el campo de documento, el cual no contaba con una máscara de entrada o indicación previa."
P2,si,T2,si,22,0,no,"La completé sin ayuda. Tardé 22 segundos. Me equivoqué 0 veces. Abandoné: no. Esperaba ingresar los datos del menor de edad, apareció un mensaje impidiendo guardar el registro y entendí que los requisitos de la aplicación exigen una edad mínima de 18 años. Lo que me dificultó la tarea fue la falta de feedback inmediato mientras se ingresaba la edad en el campo."
P2,si,T3,si,18,0,no,"La completé sin ayuda. Tardé 18 segundos. Me equivoqué 0 veces. Abandoné: no. Esperaba un bloqueo por duplicación de registro, apareció una notificación de falla en la operación y entendí que el documento introducido ya figuraba en el sistema. Lo que me dificultó la tarea fue determinar si la falla provenía del servidor o de una regla de negocio."
P2,si,T4,si,45,0,no,"La completé sin ayuda. Tardé 45 segundos. Me equivoqué 0 veces. Abandoné: no. Esperaba poder interactuar sin usar el ratón, apareció la confirmación del registro de ""Persona Teclado"" y entendí que el orden de tabulación en el formulario es correcto. Lo que me dificultó la tarea fue identificar en cuál campo estaba posicionado el cursor por el bajo contraste del resaltado."
P3,si,T1,si,30,0,no,"La completé sin ayuda. Tardé 30 segundos. Me equivoqué 0 veces. Abandoné: no. Esperaba que la persona quede inscrita al presionar el botón de envío, apareció la confirmación en pantalla y entendí que el proceso fue exitoso. Lo que me dificultó la tarea fue la distribución visual de los botones de acción."
P3,si,T2,si,28,0,no,"La completé sin ayuda. Tardé 28 segundos. Me equivoqué 0 veces. Abandoné: no. Esperaba un mensaje claro sobre la restricción de edad al ingresar 16 años, apareció un aviso genérico de error de validación y entendí que el sistema no permite votar/inscribir a menores de edad. Lo que me dificultó la tarea fue que el mensaje no especificaba de forma explícita que se requieren 18 años o más."
P3,si,T3,si,22,0,no,"La completé sin ayuda. Tardé 22 segundos. Me equivoqué 0 veces. Abandoné: no. Esperaba el rechazo por documento repetido, apareció una advertencia en la parte superior del formulario y entendí que no se pueden registrar dos veces los mismos datos. Lo que me dificultó la tarea fue que el campo del documento no se resaltó en rojo para indicar la causa exacta."
P3,si,T4,si,50,1,no,"La completé sin ayuda. Tardé 50 segundos. Me equivoqué 1 vez. Abandoné: no. Esperaba completar el formulario usando las teclas de dirección y Tab, apareció el mensaje de éxito tras presionar Enter sobre el botón y entendí que la estructura del formulario admite uso completo por teclado. Lo que me dificultó la tarea fue saber si el botón de enviar estaba actualmente enfocado."
P4,si,T1,si,32,0,no,"La completé sin ayuda. Tardé 32 segundos. Me equivoqué 0 veces. Abandoné: no. Esperaba ingresar los datos sin problemas, apareció la confirmación de guardado y entendí que el formulario procesó el registro de forma correcta. Lo que me dificultó la tarea fue la falta de etiquetas más descriptivas en los campos."
P4,si,T2,si,24,0,no,"La completé sin ayuda. Tardé 24 segundos. Me equivoqué 0 veces. Abandoné: no. Esperaba la negación del registro por la edad de 16 años, apareció la alerta de restricción y entendí que las reglas de la aplicación impiden el registro a menores. Lo que me dificultó la tarea fue que el mensaje de error tardó un instante en visualizarse."
P4,si,T3,si,26,0,no,"La completé sin ayuda. Tardé 26 segundos. Me equivoqué 0 veces. Abandoné: no. Esperaba una notificación clara de que la persona ya estaba registrada, apareció un mensaje de error que se parecía al de otros fallos del sistema y entendí que el sistema rechaza duplicados. Lo que me dificultó la tarea fue la falta de diferenciación en el diseño del mensaje para identificar que la causa exacta era la duplicación del documento."
P4,si,T4,si,48,0,no,"La completé sin ayuda. Tardé 48 segundos. Me equivoqué 0 veces. Abandoné: no. Esperaba navegar por todos los inputs secuencialmente con la tecla Tab, apareció el mensaje de éxito final y entendí que el recorrido del teclado es lineal y funcional. Lo que me dificultó la tarea fue ubicar visualmente el indicador de foco en los controles."
P5,si,T1,si,38,0,no,"La completé sin ayuda. Tardé 38 segundos. Me equivoqué 0 veces. Abandoné: no. Esperaba guardar el usuario correctamente, apareció la notificación de éxito y entendí que el primer registro fue completado. Lo que me dificultó la tarea fue adaptar el tamaño del navegador para ver el formulario completo."
P5,si,T2,si,26,0,no,"La completé sin ayuda. Tardé 26 segundos. Me equivoqué 0 veces. Abandoné: no. Esperaba que el sistema rechazara a la persona de 16 años, apareció una notificación de restricción y entendí que no se admiten inscripciones de menores de edad. Lo que me dificultó la tarea fue la lectura del mensaje debido a la posición en la que apareció."
P5,si,T3,si,21,0,no,"La completé sin ayuda. Tardé 21 segundos. Me equivoqué 0 veces. Abandoné: no. Esperaba que no permitiera guardar el mismo documento de la Tarea 1, apareció un mensaje de error y entendí que la clave primaria (documento) previene registros dobles. Lo que me dificultó la tarea fue interpretar rápidamente la respuesta de la interfaz."
P5,si,T4,si,52,1,no,"La completé sin ayuda. Tardé 52 segundos. Me equivoqué 1 vez. Abandoné: no. Esperaba rellenar el formulario mediante el teclado, apareció el mensaje de confirmación tras dar Enter y entendí que el orden de tabulación permite pasar por todos los campos. Lo que me dificultó la tarea fue asegurar que el foco visual fuera evidente y encontrar el mensaje de resultado después de enviar."
